﻿<?xml version="1.0" encoding="utf-8" ?>
<Defs>

	<ThingDef ParentName="BenchBase">
		<defName>LootBoxBench</defName>
		<label>mysterious red chest</label>
		<description>A mysterious red chest. Wohoooo!</description>
		<thingClass>Building_WorkTable</thingClass>
		<graphicData>
			<texPath>Things/Building/Misc/BigBox</texPath>
			<graphicClass>Graphic_Multi</graphicClass>
			<drawSize>(1,1)</drawSize>
			<damageData>
				<cornerTL>Damage/Corner</cornerTL>
				<cornerTR>Damage/Corner</cornerTR>
				<cornerBL>Damage/Corner</cornerBL>
				<cornerBR>Damage/Corner</cornerBR>
			</damageData>
		</graphicData>
		<castEdgeShadows>false</castEdgeShadows>
		<staticSunShadowHeight>0.10</staticSunShadowHeight>
		<altitudeLayer>Building</altitudeLayer>
		<fillPercent>0.45</fillPercent>
		<passability>PassThroughOnly</passability>
		<pathCost>60</pathCost>
		<useHitPoints>True</useHitPoints>
		<size>(1,1)</size>
		<statBases>
			<WorkToBuild>2000</WorkToBuild>
			<MaxHitPoints>120</MaxHitPoints>
			<Flammability>0.8</Flammability>
		</statBases>
		<costList>
			<Steel>20</Steel>
			<WoodLog>50</WoodLog>
		</costList>
		<constructionSkillPrerequisite>3</constructionSkillPrerequisite>
		<designationCategory>Misc</designationCategory>
		<hasInteractionCell>True</hasInteractionCell>
		<interactionCellOffset>(0,0,-1)</interactionCellOffset>
		<interactionCellIcon />
		<surfaceType>Item</surfaceType>
		<inspectorTabs>
			<li>ITab_Bills</li>
		</inspectorTabs>
		<building>
			<spawnedConceptLearnOpportunity>BillsTab</spawnedConceptLearnOpportunity>
		</building>
	</ThingDef>

</Defs>
