﻿<?xml version="1.0" encoding="utf-8" ?>
<Defs>

	<RecipeDef Name="MakeLootBoxBase" Abstract="True">
		<jobString>Getting loot box.</jobString>
		<workSpeedStat>UnskilledLaborSpeed</workSpeedStat>
		<!--<effectWorking>Tailor</effectWorking>
		<soundWorking>Recipe_Tailor</soundWorking>-->
		<recipeUsers>
			<li>LootBoxBench</li>
		</recipeUsers>
		<workSkill>Crafting</workSkill>
	</RecipeDef>
	
	<RecipeDef ParentName="MakeLootBoxBase">
		<defName>Make_LootBox_Treasure</defName>
		<label>get treasure chest</label>
		<description>Exchange silver to get a golden treasure chest.</description>
		<workAmount>150</workAmount>
		<ingredients>
			<li>
				<filter>
					<thingDefs>
						<li>Silver</li>
					</thingDefs>
				</filter>
				<count>20</count>
			</li>
		</ingredients>
		<fixedIngredientFilter>
			<thingDefs>
				<li>Silver</li>
			</thingDefs>
		</fixedIngredientFilter>
		<products>
			<LootBoxTreasure>1</LootBoxTreasure>
		</products>
	</RecipeDef>
	
	<RecipeDef ParentName="MakeLootBoxBase">
		<defName>Make_LootBox_SilverSmall</defName>
		<label>get small common chest</label>
		<description>Exchange silver to get a small common loot box.</description>
		<workAmount>200</workAmount>
		<ingredients>
			<li>
				<filter>
					<thingDefs>
						<li>Silver</li>
					</thingDefs>
				</filter>
				<count>15</count>
			</li>
		</ingredients>
		<fixedIngredientFilter>
			<thingDefs>
				<li>Silver</li>
			</thingDefs>
		</fixedIngredientFilter>
		<products>
			<LootBoxSilverSmall>1</LootBoxSilverSmall>
		</products>
	</RecipeDef>
	
	<RecipeDef ParentName="MakeLootBoxBase">
		<defName>Make_LootBox_SilverLarge</defName>
		<label>get large common chest</label>
		<description>Exchange silver to get a large common loot box.</description>
		<workAmount>300</workAmount>
		<ingredients>
			<li>
				<filter>
					<thingDefs>
						<li>Silver</li>
					</thingDefs>
				</filter>
				<count>60</count>
			</li>
		</ingredients>
		<fixedIngredientFilter>
			<thingDefs>
				<li>Silver</li>
			</thingDefs>
		</fixedIngredientFilter>
		<products>
			<LootBoxSilverLarge>1</LootBoxSilverLarge>
		</products>
	</RecipeDef>
	
	<RecipeDef ParentName="MakeLootBoxBase">
		<defName>Make_LootBox_GoldSmall</defName>
		<label>get small golden chest</label>
		<description>Exchange silver and gold to get a small golden loot box.</description>
		<workAmount>250</workAmount>
		<ingredients>
			<li>
				<filter>
					<thingDefs>
						<li>Silver</li>
					</thingDefs>
				</filter>
				<count>15</count>
			</li>
			<li>
				<filter>
					<thingDefs>
						<li>Gold</li>
					</thingDefs>
				</filter>
				<count>3.5</count>
			</li>
		</ingredients>
		<fixedIngredientFilter>
			<thingDefs>
				<li>Silver</li>
				<li>Gold</li>
			</thingDefs>
		</fixedIngredientFilter>
		<products>
			<LootBoxGoldSmall>1</LootBoxGoldSmall>
		</products>
	</RecipeDef>
	
	<RecipeDef ParentName="MakeLootBoxBase">
		<defName>Make_LootBox_GoldLarge</defName>
		<label>get large golden chest</label>
		<description>Exchange silver and gold to get a large golden loot box.</description>
		<workAmount>350</workAmount>
		<ingredients>
			<li>
				<filter>
					<thingDefs>
						<li>Silver</li>
					</thingDefs>
				</filter>
				<count>50</count>
			</li>
			<li>
				<filter>
					<thingDefs>
						<li>Gold</li>
					</thingDefs>
				</filter>
				<count>10</count>
			</li>
		</ingredients>
		<fixedIngredientFilter>
			<thingDefs>
				<li>Silver</li>
				<li>Gold</li>
			</thingDefs>
		</fixedIngredientFilter>
		<products>
			<LootBoxGoldLarge>1</LootBoxGoldLarge>
		</products>
	</RecipeDef>
	
	<RecipeDef ParentName="MakeLootBoxBase">
		<defName>Make_LootBox_Pandora</defName>
		<label>get pandoras box</label>
		<description>Exchange jade to get a pandoras box.</description>
		<workAmount>250</workAmount>
		<ingredients>
			<li>
				<filter>
					<thingDefs>
						<li>Jade</li>
					</thingDefs>
				</filter>
				<count>50</count>
			</li>
		</ingredients>
		<fixedIngredientFilter>
			<thingDefs>
				<li>Jade</li>
			</thingDefs>
		</fixedIngredientFilter>
		<products>
			<LootBoxPandora>1</LootBoxPandora>
		</products>
	</RecipeDef>

</Defs>
