﻿<?xml version="1.0" encoding="utf-8" ?>
<Defs>

	<ThingDef Name="LootBoxBase" ParentName="ResourceBase" Abstract="True">
		<thingClass>ThingWithComps</thingClass>
		<techLevel>Neolithic</techLevel>
		<thingCategories>
			<li>LootBoxes</li>
		</thingCategories>
		<tradeTags>
			<li>Artifact</li>
		</tradeTags>
		<statBases>
			<Mass>0.5</Mass>
		</statBases>
		<resourceReadoutPriority>Middle</resourceReadoutPriority>
		<stackLimit>1</stackLimit>
		<useHitPoints>true</useHitPoints>
		<tradeability>Buyable</tradeability>
		<comps>
			<li Class="CompProperties_Usable">
				<useJob>OpenLootBox</useJob>
				<useLabel>Open box</useLabel>
			</li>
			<li Class="CompProperties_UseEffect">
				<compClass>CompUseEffect_DestroySelf</compClass>
			</li>
		</comps>
	</ThingDef>

	<ThingDef ParentName="LootBoxBase">
		<defName>LootBoxTreasure</defName>
		<label>treasure chest</label>
		<description>A golden treasure chest. Fort knox in a box! Become the richest colony in the galaxy with a little bit of luck!</description>
		<graphicData>
			<texPath>Things/Item/LootBox/TreasureBox</texPath>
			<graphicClass>Graphic_Single</graphicClass>
			<drawSize>(0.8,0.8)</drawSize>
		</graphicData>
		<statBases>
			<MarketValue>120</MarketValue>
			<MaxHitPoints>70</MaxHitPoints>
		</statBases>
		<drawGUIOverlay>false</drawGUIOverlay>
		<comps>
			<li Class="CompProperties_UseEffect">
				<compClass>LootBoxes.CompUseEffect_LootBox_Treasure</compClass>
			</li>
		</comps>
	</ThingDef>

	<ThingDef ParentName="LootBoxBase">
		<defName>LootBoxSilverSmall</defName>
		<label>small common chest</label>
		<description>A small common loot box. Open it and get a change to recive powerful and valuable items!</description>
		<graphicData>
			<texPath>Things/Item/LootBox/SilverSmall</texPath>
			<graphicClass>Graphic_Single</graphicClass>
			<drawSize>(0.9,0.9)</drawSize>
		</graphicData>
		<statBases>
			<MarketValue>80</MarketValue>
			<MaxHitPoints>75</MaxHitPoints>
		</statBases>
		<drawGUIOverlay>false</drawGUIOverlay>
		<comps>
			<li Class="CompProperties_UseEffect">
				<compClass>LootBoxes.CompUseEffect_LootBox_SilverSmall</compClass>
			</li>
		</comps>
	</ThingDef>

	<ThingDef ParentName="LootBoxBase">
		<defName>LootBoxSilverLarge</defName>
		<label>large common chest</label>
		<description>A large common loot box. The true test of luck! Open it and you may get something awesome or many useful items. Or both!</description>
		<graphicData>
			<texPath>Things/Item/LootBox/SilverLarge</texPath>
			<graphicClass>Graphic_Single</graphicClass>
		</graphicData>
		<statBases>
			<MarketValue>350</MarketValue>
			<MaxHitPoints>80</MaxHitPoints>
		</statBases>
		<drawGUIOverlay>false</drawGUIOverlay>
		<comps>
			<li Class="CompProperties_UseEffect">
				<compClass>LootBoxes.CompUseEffect_LootBox_SilverLarge</compClass>
			</li>
		</comps>
	</ThingDef>

	<ThingDef ParentName="LootBoxBase">
		<defName>LootBoxGoldSmall</defName>
		<label>small golden chest</label>
		<description>A small golden loot box. There may be some really lice stuff in here! Get a change to recive some of the best items on the rim!</description>
		<graphicData>
			<texPath>Things/Item/LootBox/GoldSmall</texPath>
			<graphicClass>Graphic_Single</graphicClass>
			<drawSize>(0.9,0.9)</drawSize>
		</graphicData>
		<statBases>
			<MarketValue>300</MarketValue>
			<MaxHitPoints>75</MaxHitPoints>
		</statBases>
		<drawGUIOverlay>false</drawGUIOverlay>
		<comps>
			<li Class="CompProperties_UseEffect">
				<compClass>LootBoxes.CompUseEffect_LootBox_GoldSmall</compClass>
			</li>
		</comps>
	</ThingDef>

	<ThingDef ParentName="LootBoxBase">
		<defName>LootBoxGoldLarge</defName>
		<label>large golden chest</label>
		<description>A large golden loot box. Fulfill all your dreams with this extraordinary loot crate! The highest chance to get the best and most expensive items!</description>
		<graphicData>
			<texPath>Things/Item/LootBox/GoldLarge</texPath>
			<graphicClass>Graphic_Single</graphicClass>
		</graphicData>
		<statBases>
			<MarketValue>900</MarketValue>
			<MaxHitPoints>80</MaxHitPoints>
		</statBases>
		<drawGUIOverlay>false</drawGUIOverlay>
		<comps>
			<li Class="CompProperties_UseEffect">
				<compClass>LootBoxes.CompUseEffect_LootBox_GoldLarge</compClass>
			</li>
		</comps>
	</ThingDef>

	<ThingDef ParentName="LootBoxBase">
		<defName>LootBoxPandora</defName>
		<label>pandoras box</label>
		<description>Pandoras box. What may be in here?</description>
		<graphicData>
			<texPath>Things/Item/LootBox/PandorasBox</texPath>
			<graphicClass>Graphic_Single</graphicClass>
		</graphicData>
		<statBases>
			<MarketValue>200</MarketValue>
			<MaxHitPoints>60</MaxHitPoints>
		</statBases>
		<drawGUIOverlay>false</drawGUIOverlay>
		<comps>
			<li Class="CompProperties_UseEffect">
				<compClass>LootBoxes.CompUseEffect_LootBox_Pandora</compClass>
			</li>
		</comps>
	</ThingDef>
  
</Defs>
